<?xml version="1.0" encoding="utf-8"?>
<list>
<item type="dictionary"><dictionary>
<item key="eng"><![CDATA[Title]]></item>
<item key="ger"><![CDATA[Titel]]></item>
<item key="key"><![CDATA[Title]]></item>
</dictionary>
</item>
<item type="dictionary"><dictionary>
<item key="eng"><![CDATA[overview]]></item>
<item key="ger"><![CDATA[Überblick]]></item>
<item key="key"><![CDATA[overview]]></item>
</dictionary>
</item>
<item type="dictionary"><dictionary>
<item key="eng"><![CDATA[Internal Resources]]></item>
<item key="ger"><![CDATA[Interne Ressourcen]]></item>
<item key="key"><![CDATA[Internal Resources]]></item>
</dictionary>
</item>
<item type="dictionary"><dictionary>
<item key="eng"><![CDATA[Short title]]></item>
<item key="ger"><![CDATA[Kurztitel]]></item>
<item key="key"><![CDATA[Short title]]></item>
</dictionary>
</item>
<item type="dictionary"><dictionary>
<item key="eng"><![CDATA[has no items. Check URL and Filter settings.]]></item>
<item key="ger"><![CDATA[hat keine Elemente. Überprüfen Sie URL und Filtereinstellungen.]]></item>
<item key="key"><![CDATA[mediaplayerNoItems]]></item>
</dictionary>
</item>
<item type="dictionary"><dictionary>
<item key="eng"><![CDATA[Resources]]></item>
<item key="ger"><![CDATA[Ressourcen]]></item>
<item key="key"><![CDATA[Resources]]></item>
</dictionary>
</item>
<item type="dictionary"><dictionary>
<item key="eng"><![CDATA[width (px)]]></item>
<item key="ger"><![CDATA[Breite (px)]]></item>
<item key="key"><![CDATA[width (px)]]></item>
</dictionary>
</item>
<item type="dictionary"><dictionary>
<item key="eng"><![CDATA[next]]></item>
<item key="ger"><![CDATA[weiter]]></item>
<item key="key"><![CDATA[mediaplayerNext]]></item>
</dictionary>
</item>
<item type="dictionary"><dictionary>
<item key="eng"><![CDATA[Description]]></item>
<item key="ger"><![CDATA[Beschreibung]]></item>
<item key="key"><![CDATA[Description]]></item>
</dictionary>
</item>
<item type="dictionary"><dictionary>
<item key="eng"><![CDATA[Empty MediaContainer]]></item>
<item key="ger"><![CDATA[MediaContainer leeren]]></item>
<item key="key"><![CDATA[Empty MediaContainer]]></item>
</dictionary>
</item>
<item type="dictionary"><dictionary>
<item key="eng"><![CDATA[Picture]]></item>
<item key="ger"><![CDATA[Bild]]></item>
<item key="key"><![CDATA[mediaplayerPic]]></item>
</dictionary>
</item>
<item type="dictionary"><dictionary>
<item key="eng"><![CDATA[height (px)]]></item>
<item key="ger"><![CDATA[Höhe (px)]]></item>
<item key="key"><![CDATA[height (px)]]></item>
</dictionary>
</item>
<item type="dictionary"><dictionary>
<item key="eng"><![CDATA[Configuration]]></item>
<item key="ger"><![CDATA[Konfiguration]]></item>
<item key="key"><![CDATA[Configuration]]></item>
</dictionary>
</item>
<item type="dictionary"><dictionary>
<item key="eng"><![CDATA[columns]]></item>
<item key="ger"><![CDATA[Spalten]]></item>
<item key="key"><![CDATA[columns]]></item>
</dictionary>
</item>
<item type="dictionary"><dictionary>
<item key="eng"><![CDATA[ZIP archive]]></item>
<item key="ger"><![CDATA[ZIP Archiv]]></item>
<item key="key"><![CDATA[ZIP archive]]></item>
</dictionary>
</item>
<item type="dictionary"><dictionary>
<item key="eng"><![CDATA[No pictures in gallery]]></item>
<item key="ger"><![CDATA[Keine Bilder in der Galerie]]></item>
<item key="key"><![CDATA[mediaplayerNoPics]]></item>
</dictionary>
</item>
<item type="dictionary"><dictionary>
<item key="eng"><![CDATA[Additional URL]]></item>
<item key="ger"><![CDATA[Zusätzlicher URL]]></item>
<item key="key"><![CDATA[Additional URL]]></item>
</dictionary>
</item>
<item type="dictionary"><dictionary>
<item key="eng"><![CDATA[Pictures]]></item>
<item key="ger"><![CDATA[Bilder]]></item>
<item key="key"><![CDATA[mediaplayerPics]]></item>
</dictionary>
</item>
<item type="dictionary"><dictionary>
<item key="eng"><![CDATA[preview]]></item>
<item key="ger"><![CDATA[Vorschau]]></item>
<item key="key"><![CDATA[preview]]></item>
</dictionary>
</item>
<item type="dictionary"><dictionary>
<item key="eng"><![CDATA[previous]]></item>
<item key="ger"><![CDATA[zurück]]></item>
<item key="key"><![CDATA[mediaplayerPrev]]></item>
</dictionary>
</item>
<item type="dictionary"><dictionary>
<item key="eng"><![CDATA[opennew]]></item>
<item key="ger"><![CDATA[neues Fenster]]></item>
<item key="key"><![CDATA[opennew]]></item>
</dictionary>
</item>
<item type="dictionary"><dictionary>
<item key="eng"><![CDATA[or]]></item>
<item key="ger"><![CDATA[oder]]></item>
<item key="key"><![CDATA[or]]></item>
</dictionary>
</item>
<item type="dictionary"><dictionary>
<item key="eng"><![CDATA[<strong>Error</strong> in resources]]></item>
<item key="ger"><![CDATA[<strong>Fehler</strong> in den Mediadateien]]></item>
<item key="key"><![CDATA[mediaplayerError]]></item>
</dictionary>
</item>
</list>
