<?xml version="1.0" encoding="UTF-8"?>
<dictionary>
<item key="dtml"><![CDATA[<!-- BO bodyContentZMSCustom_symbolCharFmtLib -->


<!-- EO bodyContentZMSCustom_symbolCharFmtLib -->
]]></item>
<item key="enabled" type="int">1</item>
<item key="key"><![CDATA[symbolCharFmtLib]]></item>
<item key="value" type="dictionary"><dictionary>
<item key="__obj_attrs__" type="list"><list>
<item type="dictionary"><dictionary>
<item key="custom"><![CDATA[<dtml-var manage_page_header>
<title>Windings Symbol-Editor</title>
<style type="text/css">
<!--
td {background-color: white;}
.big {font-size:20px; text-decoration:none;}
-->
</style>
<script language="JavaScript">
<!--//
  function selectObject(dec) {
    var fm = self.parent.opener.document.forms['<dtml-var fmName>'];
    var input = fm.elements['<dtml-var elName>'];
    var insText = "&#"+dec+";";
    /* internet explorer */
    if( typeof self.parent.opener.document.selection != 'undefined') {
      var myrange = self.parent.opener.document.selection.createRange();
      // insert text
      myrange.text = insText;
      // cursor-position
      myrange = document.selection.createRange();
      myrange.moveStart('character', insText.length);
      myrange.select();
    }
    else if( typeof document.selection != 'undefined') {
      // insert text
      input.value = input.value + insText;
    }
    /* newer gecko-based browsers */
    else if( typeof input.selectionStart != 'undefined') {
      // insert text
      var start = input.selectionStart;
      var end = input.selectionEnd;
      input.value = input.value.substr(0, start) + insText + input.value.substr(end);
      // cursor-position
      var pos = start + insText.length;
      input.selectionStart = pos;
      input.selectionEnd = pos;
    }
    self.parent.close();
  }
//-->
</script>
</head>
<body class="zmiNeutralColorLight0" alink="#990000" vlink="#cc0000" link="#336699" leftmargin="0" topmargin="0" marginheight="0" marginwidth="0">
<dtml-let c="15"
	l="['9999','Pencil','9986','Black scissors','9985','Upper blade scissors','9742','Black telephone','9990','Telephone location sign',
	'9993','Envelope','8987','Hourglass','9000','Keyboard','9991','Tape drive','9997','Writing hand','9996','Victory hand',
	'9756','White left pointing index','9758','White right pointing index','9757','White up pointing index','9759','White down pointing index',
	'9786','White smiling face','9785','White frowning face','9760','Skull and crossbones','9992','Airplane','9788','White sun with rays',
	'10052','Snowflake','10014','Shadowed white Latin cross','10016','Maltese cross','10017','Star of David','9770','Star and crescent',
	'9775','Yin Yang','2384','Devanagari Om','9784','Wheel of Dharma','9800','Aries','9801','Taurus','9802','Gemini','9803','Cancer','9804','Leo',
	'9805','Virgo','9806','Libra','9807','Scorpio','9808','Sagittarius','9809','Capricorn','9810','Aquarius','9811','Pisces','38','Ampersand',
	'9679','Black circle','10061','Shadowed white circle','9632','Black square','9633','White square','10065','Lower right shadowed white square',
	'10066','Upper right shadowed white square','9830','Black diamond suit','9670','Black diamond','10070','Black diamond minus white X',
	'8999','X in a rectangle box','9043','APL functional symbol quad up caret','8984','Place of interest sign','10048','White florette',
	'10047','Black florette','10077','Heavy double turned comma quotation mark ornament','10078','Heavy double comma quotation mark ornament',
	'9647','White vertical rectangle','9450','Circled digit zero','9312','Circled digit one','9313','Circled digit two','9314','Circled digit three',
	'9315','Circled digit four','9316','Circled digit five','9317','Circled digit six','9318','Circled digit seven','9319','Circled digit eight',
	'9320','Circled digit nine','9321','Circled number ten','9471','Negative circled digit zero','10102','Dingbat negative circled digit one',
	'10103','Dingbat negative circled digit two','10104','Dingbat negative circled digit three','10105','Dingbat negative circled digit four',
	'10106','Dingbat negative circled digit five','10107','Dingbat negative circled digit six','10108','Dingbat negative circled digit seven',
	'10109','Dingbat negative circled digit eight','10110','Dingbat negative circled digit nine','10111','Dingbat negative circled number ten',
	'183','Middle dot','8226','Bullet','9642','Black small square','9675','White circle','9673','Fisheye','9678','Bullseye','9642','Black small square',
	'9723','White medium square','10022','Black four pointed star','9733','Black star','10038','Six pointed black star','10036','Eight pointed black star',
	'10041','Twelve pointed black star','10037','Eight pointed pinwheel star','8982','Position indicator','10023','White four pointed star',
	'8977','Square lozenge','10026','Circled white star','10032','Shadowed white star','9003','Erase to the left','8998','Erase to the right',
	'10146','Three-D top-lighted rightwards arrowhead','10162','Circled heavy white rightwards arrow','10132','Heavy wide-headed rightwards arrow',
	'8678','Leftwards white arrow','8680','Rightwards white arrow','8679','Upwards white arrow','8681','Downwards white arrow',
	'9645','White rectangle','9643','White small square','10007','Ballot X','10003','Check mark','9746','Ballot box with X','9745','Ballot box with check']">
<table border="1">
<dtml-in "_.range(_.len(l)/2)">
<dtml-let i=sequence-item dec="l[i*2]" name="l[i*2+1]">
<dtml-if "i%c==0">
<dtml-if "i>0"></tr></dtml-if><tr valign="middle">
</dtml-if>
<td align="center"><a href="javascript:selectObject(<dtml-var dec>);" title="<dtml-var dec>: <dtml-var name>" class="zmi"><span class="big">&#<dtml-var dec>;</span></a></td>
</dtml-let>
</dtml-in>
</tr>
</table>
</dtml-let>
</body>
</html>]]></item>
<item key="default"/>
<item key="id"><![CDATA[symbolEditor.html]]></item>
<item key="keys" type="list"><list>
</list>
</item>
<item key="mandatory" type="int">0</item>
<item key="multilang" type="int">0</item>
<item key="name"><![CDATA[Symbol-Editor]]></item>
<item key="repetitive" type="int">0</item>
<item key="type"><![CDATA[DTML Method]]></item>
</dictionary>
</item>
</list>
</item>
<item key="acquired" type="int">0</item>
<item key="name"><![CDATA[Symbol Character-Format Library]]></item>
<item key="package"/>
<item key="type"><![CDATA[ZMSLibrary]]></item>
</dictionary>
</item>
</dictionary>