<?xml version="1.0" encoding="UTF-8"?>
<dictionary>
<item key="data"><![CDATA[<dtml-let l="[]" thisObj="this()">
 <dtml-in "getParentNode().filteredTreeNodes(REQUEST,'wikipage')">
  <dtml-call "REQUEST.set('obj',_['sequence-item'])">
  <dtml-call "l.append(thisObj.getObjProperty('reindexObj',REQUEST))">
 </dtml-in>
 <dtml-call "setObjStateModified(REQUEST)">
 <dtml-call "setObjProperty('_records',l)">
 <dtml-call "onChangeObj(REQUEST)">
 <dtml-return "'Added %i wikipages to index'%_.len(l)">
</dtml-let>]]></item>
<item key="description"/>
<item key="exec" type="int">1</item>
<item key="id"><![CDATA[manage_reindexWikinavigator]]></item>
<item key="meta_type"><![CDATA[DTML Method]]></item>
<item key="meta_types" type="list"><list>
<item><![CDATA[wikinavigator]]></item>
</list>
</item>
<item key="name"><![CDATA[Reindex Wikinavigator]]></item>
<item key="roles" type="list"><list>
<item><![CDATA[ZMSAdministrator]]></item>
<item><![CDATA[ZMSEditor]]></item>
</list>
</item>
</dictionary>