<?xml version="1.0" encoding="utf-8"?>
<list>
<item type="dictionary"><dictionary>
<item key="eng"><![CDATA[Search]]></item>
<item key="ger"><![CDATA[Suche]]></item>
<item key="key"><![CDATA[CALSEARCH]]></item>
</dictionary>
</item>
<item type="dictionary"><dictionary>
<item key="eng"><![CDATA[Overview]]></item>
<item key="ger"><![CDATA[Alle Termine]]></item>
<item key="key"><![CDATA[CALOVERVIEW]]></item>
</dictionary>
</item>
<item type="dictionary"><dictionary>
<item key="eng"><![CDATA[Current Dates]]></item>
<item key="ger"><![CDATA[Aktuelle Termine]]></item>
<item key="key"><![CDATA[CALCURRENT]]></item>
</dictionary>
</item>
<item type="dictionary"><dictionary>
<item key="eng"><![CDATA[Calendar]]></item>
<item key="ger"><![CDATA[Veranstaltungskalender]]></item>
<item key="key"><![CDATA[CALENDAR]]></item>
</dictionary>
</item>
</list>

