<?xml version="1.0" encoding="utf-8"?>
<list>
<item type="dictionary"><dictionary>
<item key="eng"><![CDATA[Please, type in the checknum into the respective field below]]></item>
<item key="ger"><![CDATA[Schliesslich möchten wir Sie bitten, die folgende Prüfziffer exakt in das darunterliegende Feld zu übertragen. Sollten die Ziffern nicht übereinstimmen, werden Ihre Eingaben leider als Spam abgelehnt.]]></item>
<item key="key"><![CDATA[formulatorCheckcode]]></item>
</dictionary>
</item>
<item type="dictionary"><dictionary>
<item key="eng"><![CDATA[Your data have been saved]]></item>
<item key="ger"><![CDATA[Ihre Daten wurden gespeichert]]></item>
<item key="key"><![CDATA[formulatorMsgDataSaved]]></item>
</dictionary>
</item>
<item type="dictionary"><dictionary>
<item key="eng"><![CDATA[Data entry confirmation from]]></item>
<item key="ger"><![CDATA[Eingabe-Bestätigung von]]></item>
<item key="key"><![CDATA[formulatorEmail]]></item>
</dictionary>
</item>
<item type="dictionary"><dictionary>
<item key="eng"><![CDATA[To Overview]]></item>
<item key="ger"><![CDATA[Zur Übersicht]]></item>
<item key="key"><![CDATA[formulatorFind]]></item>
</dictionary>
</item>
<item type="dictionary"><dictionary>
<item key="eng"><![CDATA[HINT: to change your data lateron, please type in your email/password below, and hit 'find'.]]></item>
<item key="ger"><![CDATA[HINWEIS: Um Ihren Datensatz nachtr&auml;glich zu &auml;ndern, geben Sie Ihre eMail-Adresse und das von Ihnen gesetzte Passwort ein, und dr&uuml;cken den Button 'Meinen Datensatz suchen'.]]></item>
<item key="key"><![CDATA[formulatorHint]]></item>
</dictionary>
</item>
<item type="dictionary"><dictionary>
<item key="eng"><![CDATA[Back to Overview]]></item>
<item key="ger"><![CDATA[Zurück zur Übersicht]]></item>
<item key="key"><![CDATA[formulatorBack]]></item>
</dictionary>
</item>
<item type="dictionary"><dictionary>
<item key="eng"><![CDATA[Save]]></item>
<item key="ger"><![CDATA[Speichern]]></item>
<item key="key"><![CDATA[formulatorSave]]></item>
</dictionary>
</item>
<item type="dictionary"><dictionary>
<item key="eng"><![CDATA[New Dataset]]></item>
<item key="ger"><![CDATA[Neuen Datensatz anlegen]]></item>
<item key="key"><![CDATA[formulatorInsert]]></item>
</dictionary>
</item>
<item type="dictionary"><dictionary>
<item key="eng"><![CDATA[The item \'%s\' is mandatory!]]></item>
<item key="ger"><![CDATA[Das Feld \'%s\' muss ausgefüllt werden!]]></item>
<item key="key"><![CDATA[formulatorJSalert]]></item>
</dictionary>
</item>
<item type="dictionary"><dictionary>
<item key="eng"><![CDATA[Not editable!]]></item>
<item key="ger"><![CDATA[Nicht bearbeitbar!]]></item>
<item key="key"><![CDATA[formulatorMsgNotEditable]]></item>
</dictionary>
</item>
</list>
