<?xml version="1.0" encoding="UTF-8"?>
<list>
<item type="dictionary"><dictionary>
<item key="eng"><![CDATA[Category]]></item>
<item key="ger"><![CDATA[Kategorie]]></item>
<item key="key"><![CDATA[refGlossaryCategory]]></item>
</dictionary>
</item>
<item type="dictionary"><dictionary>
<item key="eng"><![CDATA[Download]]></item>
<item key="ger"><![CDATA[Speichern]]></item>
<item key="key"><![CDATA[refGlossaryDownload]]></item>
</dictionary>
</item>
<item type="dictionary"><dictionary>
<item key="eng"><![CDATA[Internal Category]]></item>
<item key="ger"><![CDATA[Interne Kategorie]]></item>
<item key="key"><![CDATA[refGlossaryInternalCategory]]></item>
</dictionary>
</item>
<item type="dictionary"><dictionary>
<item key="eng"><![CDATA[Print]]></item>
<item key="ger"><![CDATA[Drucken]]></item>
<item key="key"><![CDATA[refGlossaryPrint]]></item>
</dictionary>
</item>
</list>