<?xml version="1.0" encoding="utf-8"?>
<dictionary>
<item key="data"><![CDATA[# Example code:

# Import a standard function, and get the HTML request and response objects.
from Products.PythonScripts.standard import html_quote

request     = container.REQUEST
RESPONSE    = request.RESPONSE

zms         = context.content
mediafiles  = context.mediafiles

if mediafiles:
    ids = []
    for i in mediafiles.filteredChildNodes(request):
        ids.append(i.getId())
    mediafiles.manage_deleteObjs(request.get('lang'), request.get('manage_lang'), ids, request)
    
return "%s media files deleted"%len(ids)
]]></item>
<item key="description"><![CDATA[Delete all media files?]]></item>
<item key="exec" type="int">1</item>
<item key="id"><![CDATA[manage_emptyMediaContainer]]></item>
<item key="meta_type"><![CDATA[Script (Python)]]></item>
<item key="meta_types" type="list"><list>
<item><![CDATA[org.cmess.mediacontainer]]></item>
</list>
</item>
<item key="name"><![CDATA[Empty MediaContainer]]></item>
<item key="roles" type="list"><list>
<item><![CDATA[ZMSAdministrator]]></item>
<item><![CDATA[ZMSEditor]]></item>
</list>
</item>
</dictionary>
